{
    "Tests": {
        "TestID": {
            "path": [
                "id"
            ]
        },
        "URL": "",
        "Workstream": {
            "path": [
                "fields",
                "customfield_40441",
                0,
                "value"
            ]
        },
        "ProjectName": {
            "path": [
                "fields",
                "project",
                "name"
            ]
        },
        "Name": {
            "path": [
                "fields",
                "summary"
            ]
        },
        "Component": "",
        "Sub-Component": "",
        "Testing Area": "",
        "Lifecycle": "",
        "Project": {
            "path": [
                "fields",
                "project",
                "key"
            ]
        }
    },
    "Defects": {
        "ID": {
            "path": [
                "id"
            ]
        },
        "ProjectName": {
            "path": [
                "fields",
                "project",
                "name"
            ]
        },
        "IssueNumber": {
            "path": [
                "key"
            ]
        },
        "State": {
            "path": [
                "fields",
                "status",
                "name"
            ]
        },
        "Severity": {
            "path": [
                "fields",
                "priority",
                "name"
            ]
        },
        "DateCreated": {
            "path": [
                "fields",
                "created"
            ]
        },
        "TAMTestPhase": {
            "path": [
                "fields",
                "customfield_30652",
                "value"
            ]
        },
        "RootCause": {
            "path": [
                "fields",
                "customfield_29255",
                "value"
            ]
        },
        "RootCause2": {
            "path": [
                "fields",
                "customfield_29255",
                "child",
                "value"
            ]
        },
        "BusinessPriority": {
            "path": [
                "fields",
                "customfield_28068",
                "value"
            ]
        },
        "Synopsis": {
            "path": [
                "fields",
                "summary"
            ]
        }
    }
}