{
    "expand": "renderedFields,names,schema,operations,editmeta,changelog,versionedRepresentations,customfield_22942.requestTypePractice",
    "id": "7249920",
    "self": "https://testmig2-natwest.atlassian.net/rest/agile/1.0/issue/7249920",
    "key": "CDT-57334",
    "fields": {
        "statuscategorychangedate": "2022-07-07T14:31:59.000+0000",
        "customfield_38241": null,
        "customfield_41013": null,
        "customfield_17542": null,
        "customfield_41012": null,
        "customfield_40441": [
            {
                "self": "https://testmig2-natwest.atlassian.net/rest/api/2/customFieldOption/85557",
                "value": "PI8",
                "id": "85557"
            }
        ],
        "customfield_38242": null,
        "customfield_17541": null,
        "customfield_41011": null,
        "customfield_17540": null,
        "customfield_15240": null,
        "customfield_41010": null,
        "customfield_10231": null,
        "fixVersions": [
            {
                "self": "https://testmig2-natwest.atlassian.net/rest/api/2/version/123339",
                "id": "123339",
                "name": "PI8.GEN1.R3.1",
                "archived": false,
                "released": false,
                "releaseDate": "2022-07-13"
            }
        ],
        "resolution": {
            "self": "https://testmig2-natwest.atlassian.net/rest/api/2/resolution/14",
            "id": "14",
            "description": "Work has been completed on this issue.",
            "name": "Done"
        },
        "customfield_28164": null,
        "customfield_32147": null,
        "customfield_10747": null,
        "customfield_24241": null,
        "customfield_41006": null,
        "customfield_41005": null,
        "customfield_41004": null,
        "customfield_41003": null,
        "customfield_25577": null,
        "customfield_41009": null,
        "customfield_21359": null,
        "customfield_41008": null,
        "customfield_41007": null,
        "customfield_41020": null,
        "lastViewed": "2022-10-19T11:08:34.690+0000",
        "customfield_41021": null,
        "customfield_11152": "10037_*:*_1_*:*_0_*|*_10036_*:*_1_*:*_320000",
        "customfield_12640": null,
        "epic": null,
        "customfield_10341": null,
        "priority": null,
        "customfield_10342": null,
        "labels": [
            "Pi8_SIT_R3.1"
        ],
        "customfield_30248": null,
        "customfield_13845": {
            "self": "https://testmig2-natwest.atlassian.net/rest/api/2/customFieldOption/86901",
            "value": "Current Project Tests",
            "id": "86901"
        },
        "aggregatetimeoriginalestimate": null,
        "timeestimate": null,
        "versions": [],
        "customfield_21506": null,
        "issuelinks": [
            {
                "id": "7290989",
                "self": "https://testmig2-natwest.atlassian.net/rest/api/2/issueLink/7290989",
                "type": {
                    "id": "10232",
                    "name": "Test Case",
                    "inward": "is test covered by",
                    "outward": "is test of",
                    "self": "https://testmig2-natwest.atlassian.net/rest/api/2/issueLinkType/10232"
                },
                "outwardIssue": {
                    "id": "6973645",
                    "key": "CDT-51264",
                    "self": "https://testmig2-natwest.atlassian.net/rest/api/2/issue/6973645",
                    "fields": {
                        "summary": "EDR14: Multiple L1 Messages with the same UUID",
                        "status": {
                            "self": "https://testmig2-natwest.atlassian.net/rest/api/2/status/10037",
                            "description": "",
                            "iconUrl": "https://testmig2-natwest.atlassian.net/",
                            "name": "Done",
                            "id": "10037",
                            "statusCategory": {
                                "self": "https://testmig2-natwest.atlassian.net/rest/api/2/statuscategory/3",
                                "id": 3,
                                "key": "done",
                                "colorName": "green",
                                "name": "Done"
                            }
                        },
                        "priority": {
                            "self": "https://testmig2-natwest.atlassian.net/rest/api/2/priority/2",
                            "iconUrl": "https://testmig2-natwest.atlassian.net/images/icons/priorities/critical.svg",
                            "name": "Critical",
                            "id": "2"
                        },
                        "issuetype": {
                            "self": "https://testmig2-natwest.atlassian.net/rest/api/2/issuetype/9",
                            "id": "9",
                            "description": "Created by Jira Software - do not edit or delete. Issue type for a user story.",
                            "iconUrl": "https://testmig2-natwest.atlassian.net/rest/api/2/universal_avatar/view/type/issuetype/avatar/24090?size=medium",
                            "name": "User Story",
                            "subtask": false,
                            "avatarId": 24090,
                            "hierarchyLevel": 0
                        }
                    }
                }
            }
        ],
        "customfield_41015": null,
        "customfield_41014": null,
        "assignee": {
            "self": "https://testmig2-natwest.atlassian.net/rest/api/2/user?accountId=6228e74cc88f100068325d28",
            "accountId": "6228e74cc88f100068325d28",
            "emailAddress": "sabariganesh.murugan@natwest.com",
            "avatarUrls": {
                "48x48": "https://secure.gravatar.com/avatar/9b718ae7f1db5891aea3786333c03a1f?d=https%3A%2F%2Favatar-management--avatars.us-west-2.prod.public.atl-paas.net%2Finitials%2FSM-1.png",
                "24x24": "https://secure.gravatar.com/avatar/9b718ae7f1db5891aea3786333c03a1f?d=https%3A%2F%2Favatar-management--avatars.us-west-2.prod.public.atl-paas.net%2Finitials%2FSM-1.png",
                "16x16": "https://secure.gravatar.com/avatar/9b718ae7f1db5891aea3786333c03a1f?d=https%3A%2F%2Favatar-management--avatars.us-west-2.prod.public.atl-paas.net%2Finitials%2FSM-1.png",
                "32x32": "https://secure.gravatar.com/avatar/9b718ae7f1db5891aea3786333c03a1f?d=https%3A%2F%2Favatar-management--avatars.us-west-2.prod.public.atl-paas.net%2Finitials%2FSM-1.png"
            },
            "displayName": "Sabari Ganesh Murugan",
            "active": true,
            "timeZone": "Etc/GMT",
            "accountType": "atlassian"
        },
        "status": {
            "self": "https://testmig2-natwest.atlassian.net/rest/api/2/status/10037",
            "description": "",
            "iconUrl": "https://testmig2-natwest.atlassian.net/",
            "name": "Done",
            "id": "10037",
            "statusCategory": {
                "self": "https://testmig2-natwest.atlassian.net/rest/api/2/statuscategory/3",
                "id": 3,
                "key": "done",
                "colorName": "green",
                "name": "Done"
            }
        },
        "customfield_21741": "0|itzrfb:",
        "customfield_40183": null,
        "components": [],
        "customfield_40182": null,
        "customfield_40187": null,
        "customfield_23849": null,
        "customfield_40340": null,
        "customfield_40186": null,
        "customfield_15346": null,
        "customfield_30652": null,
        "aggregatetimeestimate": null,
        "customfield_26441": null,
        "customfield_26443": null,
        "customfield_26442": null,
        "customfield_29951": null,
        "customfield_24388": null,
        "customfield_24389": null,
        "customfield_22944": null,
        "customfield_22943": [],
        "customfield_22942": null,
        "customfield_22941": null,
        "creator": {
            "self": "https://testmig2-natwest.atlassian.net/rest/api/2/user?accountId=6228e74cc88f100068325d28",
            "accountId": "6228e74cc88f100068325d28",
            "emailAddress": "sabariganesh.murugan@natwest.com",
            "avatarUrls": {
                "48x48": "https://secure.gravatar.com/avatar/9b718ae7f1db5891aea3786333c03a1f?d=https%3A%2F%2Favatar-management--avatars.us-west-2.prod.public.atl-paas.net%2Finitials%2FSM-1.png",
                "24x24": "https://secure.gravatar.com/avatar/9b718ae7f1db5891aea3786333c03a1f?d=https%3A%2F%2Favatar-management--avatars.us-west-2.prod.public.atl-paas.net%2Finitials%2FSM-1.png",
                "16x16": "https://secure.gravatar.com/avatar/9b718ae7f1db5891aea3786333c03a1f?d=https%3A%2F%2Favatar-management--avatars.us-west-2.prod.public.atl-paas.net%2Finitials%2FSM-1.png",
                "32x32": "https://secure.gravatar.com/avatar/9b718ae7f1db5891aea3786333c03a1f?d=https%3A%2F%2Favatar-management--avatars.us-west-2.prod.public.atl-paas.net%2Finitials%2FSM-1.png"
            },
            "displayName": "Sabari Ganesh Murugan",
            "active": true,
            "timeZone": "Etc/GMT",
            "accountType": "atlassian"
        },
        "customfield_20240": null,
        "subtasks": [],
        "customfield_22142": {
            "hasEpicLinkFieldDependency": true,
            "showField": true
        },
        "customfield_22141": null,
        "reporter": {
            "self": "https://testmig2-natwest.atlassian.net/rest/api/2/user?accountId=6228e74cc88f100068325d28",
            "accountId": "6228e74cc88f100068325d28",
            "emailAddress": "sabariganesh.murugan@natwest.com",
            "avatarUrls": {
                "48x48": "https://secure.gravatar.com/avatar/9b718ae7f1db5891aea3786333c03a1f?d=https%3A%2F%2Favatar-management--avatars.us-west-2.prod.public.atl-paas.net%2Finitials%2FSM-1.png",
                "24x24": "https://secure.gravatar.com/avatar/9b718ae7f1db5891aea3786333c03a1f?d=https%3A%2F%2Favatar-management--avatars.us-west-2.prod.public.atl-paas.net%2Finitials%2FSM-1.png",
                "16x16": "https://secure.gravatar.com/avatar/9b718ae7f1db5891aea3786333c03a1f?d=https%3A%2F%2Favatar-management--avatars.us-west-2.prod.public.atl-paas.net%2Finitials%2FSM-1.png",
                "32x32": "https://secure.gravatar.com/avatar/9b718ae7f1db5891aea3786333c03a1f?d=https%3A%2F%2Favatar-management--avatars.us-west-2.prod.public.atl-paas.net%2Finitials%2FSM-1.png"
            },
            "displayName": "Sabari Ganesh Murugan",
            "active": true,
            "timeZone": "Etc/GMT",
            "accountType": "atlassian"
        },
        "aggregateprogress": {
            "progress": 0,
            "total": 0
        },
        "customfield_18841": {
            "self": "https://testmig2-natwest.atlassian.net/rest/api/2/customFieldOption/86888",
            "value": "SIT",
            "id": "86888"
        },
        "customfield_30148": null,
        "customfield_13547": null,
        "progress": {
            "progress": 0,
            "total": 0
        },
        "votes": {
            "self": "https://testmig2-natwest.atlassian.net/rest/api/2/issue/CDT-57334/votes",
            "votes": 0,
            "hasVoted": false
        },
        "worklog": {
            "startAt": 0,
            "maxResults": 20,
            "total": 0,
            "worklogs": []
        },
        "issuetype": {
            "self": "https://testmig2-natwest.atlassian.net/rest/api/2/issuetype/20300",
            "id": "20300",
            "description": "This JIRA Issue Type is used to create Zephyr Squad Tests.",
            "iconUrl": "https://testmig2-natwest.atlassian.net/rest/api/2/universal_avatar/view/type/issuetype/avatar/58551?size=medium",
            "name": "Test",
            "subtask": false,
            "avatarId": 58551,
            "hierarchyLevel": 0
        },
        "customfield_40240": null,
        "timespent": null,
        "sprint": null,
        "project": {
            "self": "https://testmig2-natwest.atlassian.net/rest/api/2/project/41862",
            "id": "41862",
            "key": "CDT",
            "name": "CDD-Strategic InLife",
            "projectTypeKey": "software",
            "simplified": false,
            "avatarUrls": {
                "48x48": "https://testmig2-natwest.atlassian.net/rest/api/2/universal_avatar/view/type/project/avatar/24193",
                "24x24": "https://testmig2-natwest.atlassian.net/rest/api/2/universal_avatar/view/type/project/avatar/24193?size=small",
                "16x16": "https://testmig2-natwest.atlassian.net/rest/api/2/universal_avatar/view/type/project/avatar/24193?size=xsmall",
                "32x32": "https://testmig2-natwest.atlassian.net/rest/api/2/universal_avatar/view/type/project/avatar/24193?size=medium"
            }
        },
        "aggregatetimespent": null,
        "resolutiondate": "2022-07-07T14:31:59.000+0000",
        "workratio": -1,
        "customfield_28642": null,
        "issuerestriction": {
            "issuerestrictions": {},
            "shouldDisplay": false
        },
        "customfield_20740": null,
        "watches": {
            "self": "https://testmig2-natwest.atlassian.net/rest/api/2/issue/CDT-57334/watchers",
            "watchCount": 1,
            "isWatching": false
        },
        "customfield_23059": null,
        "customfield_16640": null,
        "customfield_20340": "2|i70iu4:",
        "created": "2022-07-07T14:26:39.000+0000",
        "customfield_33046": null,
        "customfield_25665": null,
        "updated": "2022-10-19T11:09:33.408+0000",
        "customfield_30859": null,
        "timeoriginalestimate": null,
        "customfield_23042": null,
        "customfield_30217": {
            "self": "https://testmig2-natwest.atlassian.net/rest/api/2/customFieldOption/84910",
            "value": "CDD ILM DDS&A",
            "id": "84910"
        },
        "description": "To verify, if an event for EDR 14 is triggered via Autosys job for a baseline customer (may not be an AP) has a non-owner relationship with the account ('OTH' ) , L1 message should not generate for this customer. \nPre-Conditions :\n1. Customer has been loaded into CDD baseline\n2. All the necessary EDR 14 setup is done from detection end.",
        "customfield_11741": {
            "self": "https://testmig2-natwest.atlassian.net/rest/api/2/customFieldOption/86909",
            "value": "CDD",
            "id": "86909"
        },
        "timetracking": {},
        "security": null,
        "attachment": [
            {
                "self": "https://testmig2-natwest.atlassian.net/rest/api/2/attachment/3754143",
                "id": "3754143",
                "filename": "CDT-57334_EDR 14.docx",
                "author": {
                    "self": "https://testmig2-natwest.atlassian.net/rest/api/2/user?accountId=6228e74cc88f100068325d28",
                    "accountId": "6228e74cc88f100068325d28",
                    "emailAddress": "sabariganesh.murugan@natwest.com",
                    "avatarUrls": {
                        "48x48": "https://secure.gravatar.com/avatar/9b718ae7f1db5891aea3786333c03a1f?d=https%3A%2F%2Favatar-management--avatars.us-west-2.prod.public.atl-paas.net%2Finitials%2FSM-1.png",
                        "24x24": "https://secure.gravatar.com/avatar/9b718ae7f1db5891aea3786333c03a1f?d=https%3A%2F%2Favatar-management--avatars.us-west-2.prod.public.atl-paas.net%2Finitials%2FSM-1.png",
                        "16x16": "https://secure.gravatar.com/avatar/9b718ae7f1db5891aea3786333c03a1f?d=https%3A%2F%2Favatar-management--avatars.us-west-2.prod.public.atl-paas.net%2Finitials%2FSM-1.png",
                        "32x32": "https://secure.gravatar.com/avatar/9b718ae7f1db5891aea3786333c03a1f?d=https%3A%2F%2Favatar-management--avatars.us-west-2.prod.public.atl-paas.net%2Finitials%2FSM-1.png"
                    },
                    "displayName": "Sabari Ganesh Murugan",
                    "active": true,
                    "timeZone": "Etc/GMT",
                    "accountType": "atlassian"
                },
                "created": "2022-07-07T14:45:40.000+0000",
                "size": 827904,
                "mimeType": "application/vnd.openxmlformats-officedocument.wordprocessingml.document",
                "content": "https://testmig2-natwest.atlassian.net/rest/api/2/attachment/content/3754143"
            }
        ],
        "flagged": false,
        "summary": "Pi8_SIT_GEN1A.1_R3.1_CDT-51264_EDR14_01",
        "customfield_41002": null,
        "customfield_41001": null,
        "customfield_16342": null,
        "customfield_10000": null,
        "customfield_10002": null,
        "customfield_10642": null,
        "environment": null,
        "duedate": null,
        "customfield_24990": null,
        "customfield_40940": null,
        "comment": {
            "comments": [
                {
                    "self": "https://testmig2-natwest.atlassian.net/rest/api/2/issue/7249920/comment/9886277",
                    "id": "9886277",
                    "author": {
                        "self": "https://testmig2-natwest.atlassian.net/rest/api/2/user?accountId=6228e74cc88f100068325d28",
                        "accountId": "6228e74cc88f100068325d28",
                        "emailAddress": "sabariganesh.murugan@natwest.com",
                        "avatarUrls": {
                            "48x48": "https://secure.gravatar.com/avatar/9b718ae7f1db5891aea3786333c03a1f?d=https%3A%2F%2Favatar-management--avatars.us-west-2.prod.public.atl-paas.net%2Finitials%2FSM-1.png",
                            "24x24": "https://secure.gravatar.com/avatar/9b718ae7f1db5891aea3786333c03a1f?d=https%3A%2F%2Favatar-management--avatars.us-west-2.prod.public.atl-paas.net%2Finitials%2FSM-1.png",
                            "16x16": "https://secure.gravatar.com/avatar/9b718ae7f1db5891aea3786333c03a1f?d=https%3A%2F%2Favatar-management--avatars.us-west-2.prod.public.atl-paas.net%2Finitials%2FSM-1.png",
                            "32x32": "https://secure.gravatar.com/avatar/9b718ae7f1db5891aea3786333c03a1f?d=https%3A%2F%2Favatar-management--avatars.us-west-2.prod.public.atl-paas.net%2Finitials%2FSM-1.png"
                        },
                        "displayName": "Sabari Ganesh Murugan",
                        "active": true,
                        "timeZone": "Etc/GMT",
                        "accountType": "atlassian"
                    },
                    "body": "Test case is passed. PFA evidence for reference.",
                    "updateAuthor": {
                        "self": "https://testmig2-natwest.atlassian.net/rest/api/2/user?accountId=6228e74cc88f100068325d28",
                        "accountId": "6228e74cc88f100068325d28",
                        "emailAddress": "sabariganesh.murugan@natwest.com",
                        "avatarUrls": {
                            "48x48": "https://secure.gravatar.com/avatar/9b718ae7f1db5891aea3786333c03a1f?d=https%3A%2F%2Favatar-management--avatars.us-west-2.prod.public.atl-paas.net%2Finitials%2FSM-1.png",
                            "24x24": "https://secure.gravatar.com/avatar/9b718ae7f1db5891aea3786333c03a1f?d=https%3A%2F%2Favatar-management--avatars.us-west-2.prod.public.atl-paas.net%2Finitials%2FSM-1.png",
                            "16x16": "https://secure.gravatar.com/avatar/9b718ae7f1db5891aea3786333c03a1f?d=https%3A%2F%2Favatar-management--avatars.us-west-2.prod.public.atl-paas.net%2Finitials%2FSM-1.png",
                            "32x32": "https://secure.gravatar.com/avatar/9b718ae7f1db5891aea3786333c03a1f?d=https%3A%2F%2Favatar-management--avatars.us-west-2.prod.public.atl-paas.net%2Finitials%2FSM-1.png"
                        },
                        "displayName": "Sabari Ganesh Murugan",
                        "active": true,
                        "timeZone": "Etc/GMT",
                        "accountType": "atlassian"
                    },
                    "created": "2022-07-07T14:31:59.000+0000",
                    "updated": "2022-07-07T14:31:59.000+0000",
                    "jsdPublic": true
                }
            ],
            "self": "https://testmig2-natwest.atlassian.net/rest/api/2/issue/7249920/comment",
            "maxResults": 1,
            "total": 1,
            "startAt": 0
        }
    }
}